alpha,lambda,ROC,Sens,Spec,ROCSD,SensSD,SpecSD
0,0.01,0.9162829448253754,0.896472574179113,0.8113010204081633,8.163882858167001e-4,0.002453718185850675,0.0020596132916600673
0,0.02,0.9162829448253754,0.896472574179113,0.8113010204081633,8.163882858167001e-4,0.002453718185850675,0.0020596132916600673
0,0.03,0.9162829448253754,0.896472574179113,0.8113010204081633,8.163882858167001e-4,0.002453718185850675,0.0020596132916600673
0,0.04,0.9154880250819147,0.8962452927350386,0.8093494897959184,8.495164882146703e-4,0.0024331533702431057,0.002142112016648033
0,0.05,0.9146584659943833,0.8959157306538332,0.8072767857142857,8.906121008647747e-4,0.0024339488824843005,0.002309430899541802
0,0.060000000000000005,0.9139008429710409,0.8957679957941793,0.8060331632653062,9.303980749583361e-4,0.0023484035152602123,0.0023806510415783234
0,0.06999999999999999,0.9132002405196052,0.8954952567375718,0.8047385204081633,9.68135765199954e-4,0.0024332947285602142,0.0023720074816871804
0,0.08,0.9125318825332275,0.8952793403827042,0.8035969387755102,0.0010073233222100408,0.0025924297486364235,0.0021398560739162554
0,0.09,0.9119086934359651,0.8947679538242413,0.8026913265306123,0.0010478479709626182,0.0026751563000911344,0.002083054025598726
0,0.09999999999999999,0.9113073537039663,0.894506577919692,0.8019132653061224,0.001088470760140211,0.002830745895806608,0.002095634540898947
0,0.11,0.9107282684532261,0.8941542924400933,0.8008737244897959,0.0011305309575295572,0.0029688794773757507,0.0019149386814836218
0,0.12,0.9101678476202594,0.8937679128228776,0.7999681122448979,0.0011744877876500004,0.002989385028796135,0.00161608325745071
0,0.13,0.9096212215593058,0.8934042595097783,0.7991007653061224,0.0012175670255225928,0.0029293717419584765,0.0015925371913559079
0,0.14,0.9090834773777168,0.8932678908693343,0.7983928571428571,0.0012609763075614126,0.003066321401052569,0.0015916111026151962
0,0.15000000000000002,0.9085626004635905,0.8928815117364058,0.7974489795918367,0.0013060222193120121,0.0029708458522474503,0.0013297614452801834
0,0.16,0.9080545833415367,0.8925917277095676,0.796594387755102,0.0013503786256245918,0.0029874907451414496,0.0013022156499478434
0,0.17,0.9075453210911643,0.8920632947280126,0.7958801020408164,0.0013964305696636807,0.003016238647958808,0.001166281292644046
0,0.18000000000000002,0.9070441379288464,0.8913416762157195,0.7949872448979591,0.0014435576347973675,0.003264317560426951,8.190250558547463e-4
0,0.19,0.9065537439296323,0.890665510634517,0.7941390306122449,0.001489069218717524,0.0036174711920074687,7.68091233216955e-4
0,0.2,0.9060519120968971,0.8900745779759209,0.7930357142857143,0.0015396068785151439,0.003968513396496343,7.554773827546564e-4
0,0.21000000000000002,0.9055717998393082,0.8895234153002396,0.7922512755102041,0.0015849953938161037,0.004150399196063004,7.126752754664303e-4
0,0.22,0.9050724461252126,0.8890461222336774,0.791109693877551,0.0016381426671924827,0.004326645021656446,7.78283361565182e-4
0,0.23,0.9045973524673326,0.8885801910277409,0.7900446428571428,0.001684033382726116,0.004503227833543648,9.223777761428026e-4
0,0.24000000000000002,0.9041015931885974,0.8881142603060916,0.7889732142857143,0.0017356829976881746,0.004809290178220745,0.0011575299024484888
0,0.25,0.9036246575231917,0.887421047978939,0.7878507653061224,0.0017844984804848607,0.004895883240439133,0.001216132259280898
0,0.26,0.9031355957109812,0.8869210232811019,0.7866326530612245,0.0018386464160816145,0.005010691435300767,0.0014063909932095619
0,0.27,0.9026469807870847,0.8860062045480274,0.7854591836734693,0.0018899868636214948,0.005282001279562243,0.0015545076202214338
0,0.28,0.9021668492279353,0.8853754960950709,0.7845089285714286,0.0019433572791528915,0.005469295121062761,0.001413422721561828
0,0.29000000000000004,0.9016665393926445,0.884608414158799,0.7833928571428571,0.0019998297741995923,0.005309038198469074,0.0015930159915204314
0,0.3,0.9011884397793076,0.8838186070484142,0.7825063775510205,0.0020484988588022877,0.00520473380738228,0.001543940429526714
0,0.31,0.9006995957570731,0.882903792835353,0.7814923469387756,0.002101702663431525,0.005532961119775604,0.001652419654175254
0,0.32,0.9001958601324388,0.8823867255887209,0.7805038265306122,0.0021582509573918164,0.005515881825487946,0.0019881446330418306
0,0.33,0.8997194769349679,0.8818923848076341,0.7792602040816327,0.0022057057578325242,0.005722232606208432,0.0020633127114096403
0,0.34,0.8992278219361751,0.8814207724292412,0.7781377551020409,0.0022603474574257004,0.005947034391776762,0.0020943726073925665
0,0.35000000000000003,0.8987184022530151,0.8806082349790139,0.7770663265306123,0.002318416929430572,0.00630017550746622,0.0023448235254877802
0,0.36000000000000004,0.8982360561040068,0.8799832059227943,0.7758545918367347,0.0023657387468989607,0.006313465113548106,0.0026370035973542747
0,0.37,0.8977446560376818,0.8796195500268302,0.7748086734693878,0.0024183764687588935,0.006153450305444413,0.0028133603316470236
0,0.38,0.8972354060093879,0.8792558963908729,0.7735522959183674,0.002473316149133836,0.006243953972076621,0.002748513623002237
0,0.39,0.8967353705444958,0.8785797322625318,0.7724234693877551,0.0025218857050837906,0.006259447845748513,0.0029063725242094345
0,0.4,0.8962497873584885,0.8780456189156656,0.771454081632653,0.002573628328875595,0.006301205147463463,0.00312104406523067
0,0.41000000000000003,0.8957473423959121,0.8775228683979993,0.7702168367346939,0.002625478170624216,0.006342027850419035,0.003150439198158743
0,0.42000000000000004,0.8952304745965665,0.8769148872177335,0.7689158163265306,0.0026790156835972967,0.006272303025533772,0.0031345355091183537
0,0.43,0.8947357713153891,0.8765114618231418,0.7676785714285714,0.0027230339882458932,0.006274854714199616,0.003368092715614049
0,0.44,0.8942451996238926,0.8759262079155664,0.7665816326530612,0.0027718063481103105,0.006199852904510174,0.0032958736945699614
0,0.45,0.8937407961902794,0.8754886887062161,0.7651785714285715,0.002822970294847338,0.0057590271413198784,0.003496038284098423
0,0.46,0.893221471659141,0.8751136714339134,0.7639285714285714,0.0028743235140713946,0.00560737666722882,0.0037556818029664527
0,0.47000000000000003,0.8927218561300533,0.8747045616382844,0.7625446428571429,0.0029160789641395914,0.005649759465857509,0.00366068095341436
0,0.48000000000000004,0.8922337409903633,0.8743693188689098,0.7616198979591836,0.0029615044700209855,0.005701411631357562,0.003681040463609652
0,0.49,0.8917326549302168,0.8737954316648315,0.7606186224489796,0.003008609524151569,0.005981036697359565,0.0037096164576067435
0,0.5,0.8912169683269091,0.8733579126169103,0.7593239795918367,0.003055220923417944,0.00609173562473395,0.0037516997527421037
0,0.51,0.8906976654252915,0.8729374391849359,0.7580165816326531,0.0031016196433377124,0.006032207743997183,0.00393401084060432
0,0.52,0.8902115420197884,0.8724999180384371,0.7568112244897959,0.0031367183609315417,0.006078288322397179,0.00414262318144663
0,0.53,0.8897207720894327,0.872113537129789,0.7556823979591837,0.0031790506485276887,0.006128638554668645,0.004576220611528808
0,0.54,0.8892171745566462,0.8717555674105819,0.7544642857142857,0.00322283870951131,0.0061069820170416575,0.004761216657949103
0,0.55,0.8887019289596073,0.8714260077508122,0.7532908163265306,0.003265310460151156,0.006251967580473395,0.004715691206054957
0,0.56,0.8881872617183175,0.8710225805805012,0.7519260204081633,0.003306227449644091,0.006269226917529819,0.004872549149520583
0,0.5700000000000001,0.8877059260127894,0.8706021082785301,0.7507015306122449,0.003336012226150854,0.006299344998874501,0.00513764086534226
0,0.5800000000000001,0.887219972620215,0.8701816369451334,0.7493176020408163,0.003374950435150708,0.006379621639226331,0.005011990305551122
0,0.59,0.8867233939470275,0.8697270693755422,0.7479272959183674,0.003411893945050819,0.0063781710261135195,0.004825598327842727
0,0.6,0.8862160570369744,0.8692213656038263,0.7466135204081632,0.0034504395028214043,0.006594414738825191,0.005006042413714354
0,0.61,0.88570251670212,0.8686247445084667,0.7453890306122449,0.003490309090397783,0.006411849770825596,0.004932284326308834
0,0.62,0.885211033771614,0.8681417676865834,0.7446045918367347,0.003515005401701072,0.006585616241018792,0.004866169640194363
0,0.63,0.8847365829375887,0.8677837986130923,0.7434885204081633,0.003549464660875082,0.0067771708905355055,0.0048575424425114245
0,0.64,0.8842533281448262,0.867357642071513,0.7422321428571429,0.003583244219204089,0.006591345040000606,0.004952292590462679
0,0.65,0.8837612418608198,0.8669939887584137,0.741045918367347,0.0036174798725447043,0.006645356738304994,0.005000453485135871
0,0.66,0.88325835438582,0.866562151528665,0.7399426020408163,0.003651618140010602,0.0067732772583905315,0.005082552064191202
0,0.67,0.8827524581835711,0.8661019032709045,0.7388329081632653,0.003686829882045848,0.006723897254258353,0.0050090375424035076
0,0.68,0.8822693608227828,0.8657950710452545,0.7378316326530612,0.0037054198616802733,0.006654889361332043,0.005047570762723018
0,0.6900000000000001,0.8818043609443159,0.8653916430677981,0.7366709183673469,0.003734915547418364,0.006711261156479022,0.005205767580921215
0,0.7000000000000001,0.8813314904209566,0.8649427582849539,0.7354783163265306,0.0037645928733833866,0.006645631464659001,0.0052973806091993775
0,0.7100000000000001,0.8808513649144082,0.8645166007748003,0.7344005102040816,0.003793910687954982,0.006584545348537783,0.00530317431222266
0,0.72,0.8803627824230641,0.8642211336383571,0.7331441326530612,0.0038226423892638627,0.006674828907860039,0.005322896413359294
0,0.73,0.8798658326555887,0.8638233905462253,0.7319897959183673,0.0038515612001791925,0.006783175512953673,0.005205591783313818
0,0.74,0.8793784122822879,0.863385871659733,0.7310586734693878,0.0038787152331215048,0.006765548002474161,0.005361222177417309
0,0.75,0.8789212309449405,0.8629426699864937,0.7298979591836735,0.003891977776536171,0.006911449450458056,0.005397637207205231
0,0.76,0.8784662442567797,0.8626301575569616,0.7288647959183674,0.003915997013095922,0.0069394029715950534,0.0054630714032128085
0,0.77,0.878005385975879,0.8623233250084535,0.7278762755102041,0.003940099168634388,0.00698582945845411,0.005534909685954635
0,0.78,0.8775377485229741,0.8618744410327546,0.7269961734693877,0.003964228620051758,0.007012217092081645,0.005553946247182885
0,0.79,0.8770632025344732,0.8614937417808501,0.7258992346938775,0.003988692681020066,0.006972218728613267,0.005464978879151602
0,0.8,0.8765817925614477,0.8611982744829778,0.7249489795918367,0.004011874653637231,0.007100228080787932,0.0056198312304393426
0,0.81,0.8761039288276787,0.8606982526908636,0.7238265306122449,0.004036355967787925,0.007159685681664556,0.005755117023518624
0,0.8200000000000001,0.8756575011245336,0.8604027857158494,0.7228698979591837,0.004040157766499508,0.00731491225538418,0.0058126488356083994
0,0.8300000000000001,0.8752219117542201,0.8599879942634767,0.7219451530612245,0.00406045538694796,0.007268629780726687,0.005976228120078016
0,0.8400000000000001,0.874779768081479,0.8596357065238713,0.7211288265306123,0.0040800615720270874,0.0072481186458649045,0.006025967375064472
0,0.85,0.8743320649904132,0.8593288746210794,0.7200382653061225,0.004100161989043309,0.0071774971280800385,0.0061157854628726555
0,0.86,0.8738796468225379,0.8588515810702301,0.7190051020408164,0.004120384840724745,0.007192295016093777,0.006318001639113345
0,0.87,0.8734204922469065,0.8584651993544369,0.717889030612245,0.004140530679956447,0.007172441831874831,0.006348907295601053
0,0.88,0.8729559681369765,0.8579708593804953,0.7169706632653061,0.004160494647913394,0.007227353763212894,0.006181019994076228
0,0.89,0.8725000533501432,0.8574765192451247,0.7159502551020408,0.00417970354833195,0.0071705229358627175,0.00626098836212946
0,0.9,0.872073022796184,0.8570674104180699,0.7149872448979592,0.004179800071178711,0.007178333225378634,0.0062270180859721105
0,0.91,0.8716554616816719,0.856482154896204,0.7140561224489795,0.00419659681091336,0.006899303479975904,0.005999069054791447
0,0.92,0.8712325698266702,0.8561696400452362,0.7133545918367347,0.004213591252080838,0.006822080905880182,0.006051595288041635
0,0.93,0.870805075768607,0.8558969008271997,0.7124043367346939,0.004229213365747855,0.0068807303356577,0.005961048869846328
0,0.9400000000000001,0.8703738715084375,0.85558438629909,0.7115880102040817,0.004246028665195333,0.006842682544064981,0.005667980074001091
0,0.9500000000000001,0.8699372502481156,0.8551866425612419,0.7107589285714286,0.004262140865251075,0.006908377118777635,0.005678062290375678
0,0.9600000000000001,0.869495180648601,0.8547548051700642,0.71,0.004278371013780249,0.006851025053955329,0.005563229911888446
0,0.97,0.8690539650797622,0.8542320541681109,0.7091326530612245,0.0042948735807451935,0.006793543488283706,0.005497406437758601
0,0.98,0.8686254082894306,0.853839990472716,0.7084630102040816,0.004302264391856874,0.006802907831513155,0.005407800379503138
0,0.99,0.8682233363427069,0.8535615689522196,0.707748724489796,0.004303342735961076,0.006742774340918738,0.005430382644612596
0,1,0.8678263917643962,0.8532547381794311,0.7070408163265306,0.004316508761656821,0.006712763029221624,0.005565870408882677
